USE Tikilazapee
GO

INSERT into [Roles]( role_name)
values ('Admin'),
		('Seller'),
		('Customer');

Insert into [Users]( fullname, phoneNumber, email, gender, [address], DOB, [Image], role_id )
values ('Admin',null,'admin123@123.admin', 2, null, null, '2024-5-15', 1),
		(N'Phạm Hoàng Anh', '0853082922', 'pham94729@gmail.com', 1, 'Than Uyen-Lai Chau','2003-03-20',null,  3),
		(N'Nguyễn Quốc Khánh', '0234112233', 'khanhnqhe173524@fpt.edu.vn', 1, 'Ninh Binh', '2003-09-11', null, 2),
		(N'Nguyễn Mạnh Hùng', '0123112233', 'hungnmhe176678@fpt.edu.vn', 1, 'Ha Nam', '2003-11-04', null,  2),
		(N'Bùi Đức Tùng', '09999999999', 'tungbdhe170285@fpt.edu.vn', 1, 'Thach That - Ha Noi','2003-01-01', null, 2),
		(N'Trần Việt Thịnh', '0888888888', 'thinhtvhe170782@fpt.edu.vn', 1, 'Ha Noi', '2003-02-01', null, 2),
		(N'Nguyễn Xuân Vĩ', '02401948', 'vinxhe172309@fpt.edu.vn', 1, 'Ha Noi', '02-02-2003', null, 3),
		(N'Trần Quang Trường', '03401948', 'truongtqhe172652@fpt.edu.vn', 1, 'Ha Noi', '2003-03-02', null, 2),
		(N'Giang Minh Phương', '022222222', 'phuonggmhe182324@fpt.edu.vn', 0, 'Ha Noi','2003-04-05', null,  3);

Insert into [Account]([user_id], [username],[password],[startDate],[auth])
values(1,'admin','admin','2024-05-15',1),
		(2,'anhpro123','Anhpro123','2024-05-14',0),
		(3,'khanhnguyen','khanh123', '2024-05-14', 0),
		(4,'hungnguyen','hung123', '2024-05-14',0),
		(5,'tungbui', 'tung123', '2024-05-14',0),
		(6,'vietthinh', 'thinh123','2024-05-14',0),
		(7,'vingungoc', 'vingungoc', '2024-05-14',0),
		(8,'truongtran', 'truong123', '2024-05-14',0),
		(9, 'phuongmi', 'phuong123', '2024-05-14',0);

Insert into [Categories] ( [name], [nameImage] )
values ('Man Fashion',null),
		('Woman Fashion',null),
		('Balo',null),
		('Electronic Device',null),
		('Laptop & PC',null),
		('Cosmetic',null),
		('Shoes',null),
		('Toys',null),
		('Houseware',null),
		('Pets',null),
		('Department store',null),
		('Mom & Baby',null),
		('Heath',null),
		('Book',null),
		('phones and accessories',null),
		('Sport',null);

Insert into [Brands](brandName)
values('Nike'),
		('Adidas'),
		('Puma'),
		('Rolex'),
		('Louis Vuiton'),
		('Chanel'),
		('Dior'),
		('Gucci'),
		('Apple'),
		('Samsung'),
		('Made in Japan'),
		('Hublot'),
		('Asus'),
		('Acer'),
		('Lenovo'),
		('Readme'),
		('DirtyCoins'),
		('Made in China'),
		('Haras'),
		('Paradox'),
		('Bad Habits'),
		('Feelex'),
		('Oxy'),
		('Made in Vietnam'),
		('Vasaline'),
		('Oppo'),
		('Hp'),
		('Canon'),
		('LG'),
		('Xiaomi'),
		('Toshiba'),
		('Microsoft');
		

insert into [Stores](store_id, store_name, store_phone, store_address, store_image)
values(3, 'Khanhdan_Unisex', '012345678', 'Ha Noi', null),
		(6, 'AloThinh', '012345679', 'Ha Noi', null),
		(8, 'TruongPC', '012345601', 'Ha Noi', null),
		(4, 'Hung_ManchesterUnited', '012345602', 'Ha Noi', null),
		(5, 'TungCanTeam', '012345603', 'Ha Noi', null);

insert into [Filters] ( [category_id], [nameFilter])
values(1,'Jacket'),
		(1, 'Vest and Blazer'),
		(1, 'hoodie, sweater, Sweatshirts'),
		(1, 'long pants, casual pants'),
		(1, 'shirt'),
		(1, 'three holes shirt'),
		(1, 'underwear'),
		(1, 'pajamas'),
		(1,'fashion accessories'),
		(2,'clothes'),
		(2,'shirt'),
		(2,'shorts'),
		(2,'skirt'),
		(2,'jeans'),
		(2,'dress'),
		(2,'hoodie, sweater, Sweatshirts'),
		(2,'pajamas'),
		(2, 'underwear'),
		(2,'fashion accessories'),
		(3,'Crossbody bag'),
		(3,'Laptop bag'),
		(3,'Wallet'),
		(3,'Waist bag'),
		(3,'Office briefcase'),
		(3,'Student backpack'),
		(4,'loudspeaker'),
		(4,'Television'),
		(4,'Game Console'),
		(4,'Fridge'),
		(4,'Washing machine'),
		(4,'Headphones'),
		(4,'Accessories'),
		(4,'Microwave oven'),
		(5,'Accessories'),
		(5,'Laptop'),
		(5,'PC'),
		(5,'Projector'),
		(5,'Printer'),
		(5,'Screen'),
		(5,'Network equipment'),
		(5,'Storage device'),
		(6,'Facial care'),
		(6,'Body care'),
		(6,'Hair care'),
		(6,'Make up'),
		(6,'Teeth cleaning'),
		(6,'Men care'),
		(6,'Perfume'),
		(7,'Men shoes'),
		(7,'Woman shoes'),
		(7,'Sport shoes'),
		(7,'High heels'),
		(7,'Slippers'),
		(7,'Accessories'),
		(8,'Entertainment toys'),
		(8,'Educational toys'),
		(8,'Hobbies and collections'),
		(8,'Doll'),
		(8,'Stuffed animal'),
		(9,'Blankets, sheets, pillows, mattresses'),
		(9,'Furniture'),
		(9,'Home decoration'),
		(9,'Kitchen utensils'),
		(9,'Utility tools and equipment'),
		(10,'Food'),
		(10,'Accessory'),
		(10,'Clothes'),
		(10,'Take care of the pet'),
		(10,'Pet hygiene'),
		(11,'Snacks'),
		(11,'Prepared food'),
		(11,'Cooking ingredients'),
		(11,'Drinks'),
		(11,'Acoholic drink'),
		(11,'Fresh and frozen foods'),
		(11,'Cake'),
		(11,'Cereal - eggs'),
		(12,'Travel items for babies'),
		(12,'Weaning utensils for babies'),
		(12,'Accessories for mothers'),
		(12,'Bathroom supplies & Baby body care'),
		(12,'Baby bedroom furniture'),
		(12,'Baby food'),
		(12,'Diapers & baby potties'),
		(13,'Medical supplies'),
		(13,'Anti-mosquito & repel insects'),
		(13,'Functional foods'),
		(13,'Sexual support'),
		(13,'Adult diapers'),
		(13,'Massage and therapy tools'),
		(14,'Vietnamese book'),
		(14,'Foreign literature books'),
		(14,'Pen'),
		(14,'Colors, Painting Tools and Crafts'),
		(14,'Student & office supplies'),
		(14,'Souvenir'),
		(15,'Iphone 15 Series'),
		(15,'Iphone 13 Series'),
		(15,'Iphone 14 Series'),
		(15,'Iphone 12 Series'),
		(15,'Iphone 11 Series'),
		(15,'Tablet'),
		(15,'Battery backup'),
		(15,'Cases, leather cases, phone stickers'),
		(15,'Screen protector'),
		(15,'Internal Battery, Cable and Charger'),
		(15,'Memory Stick'),
		(15,'Sim'),
		(15,'Headphone'),
		(15,  'Other Phones'),
		(15,'Other accessories'),
		(16,'Vali'),
		(16,'Travel bags'),
		(16,'Travel accessories'),
		(16,'Sports & Outdoor Equipment'),
		(16,'Sport shoes'),
		(16,'Sports & Outdoor Fashion');

Insert into [Products](category_id, filter_id, brand_id, store_id, product_name, product_originPrice, product_percentSale, product_describes, quantity)
values (3, 25, 18, 3, 'School Bag', 20, 10,null, 20 ),
		(3, 25, 7, 3, 'Balo Dior', 100, 7, null, 10),
		(3, 21, 18, 8, 'Balo Laptop', 10, 5, null, 50),
		(3, 25, 19, 3, 'Balo Haras', 30, null, null, 5),
		(1, 1, 17, 3, 'Jacket DirtyCoins', 70, 10, null, 20 ),
		(1, 1, 1, 4, 'Jacket Nike', 200, 20, null, 5 ),
		(1, 1, 2, 4, 'Jacket Adidas', 150, 15, null, 5 ),
		(1, 1, 20, 3, 'Jacket Paradox', 40, 5, null, 30 ),
		(1, 3, 17, 3, 'Sweater DirtyCoins', 20, 10, null, 70 ),
		(1, 3, 18, 3, 'Sweater Not Bad', 10, null, null , 100),
		(1, 3, 1, 4, 'Sweater Nike', 50, 30, null, 20),
		(1, 3, 2, 4, 'Sweater Adidas', 40, 20, null, 9 ),
		(1, 5, 17, 3, 'Shirt DirtyCoins', 15, 20, null, 200 ),
		(1, 5, 21, 3, 'Shirt Bad Habits', 20, 15, null, 100 ),
		(1, 5, 1, 4, 'Shirt Nike', 50, 20, null, 50),
		(1, 5, 2, 4, 'Shirt Adidas', 40, 15, null, 20),
		(6, 47, 22, 5, 'Men Care Feelex', 10,5, null, 200 ),
		(6, 42, 23, 5, 'Cleanser Oxy ', 5, null, null, 200 ),
		(6, 43, 23, 5, 'shower gel Oxy',8, 10, null , 50),
		(6, 42, 18, 5, 'Moisturizer', 3, null, null,50),
		(6, 44, 18, 5, 'Hair care essential oil', 5, null, null,30),
		(6, 47, 18, 5, 'Shaving cream', 3, null, null, 70),
		(6, 44, 18, 5,'Hair wax', 5, null, null, 100),
		(6, 42, 24, 5, 'The cocoon', 7, 10, null, 30),
		(6, 43, 24, 5, 'Clean Texture', 10, 20, null, 20),
		(6, 45, 24, 5, 'Eye Water Proof', 3, null,null, 40 ),
		(6,45, 24, 5, 'Fixer Spray',4 ,null, null,20 ),
		(6,43,25,5, 'Care Body', 5, 10,null,30 ),
		(6, 45, 24, 5,'Toner', 3, 5, null, 50),
		(6, 42, 24, 5, 'Hyaluronic Acid', 6,10,null,20 ),
		(15, 109, 9, 6, 'Air Pod Pro 4', 300, 30, null, 40 ),
		(15, 109, 9, 6, 'Air Pod Pro 6', 400, 20, null, 20),
		(15, 109, 18, 6, 'IPX4', 20, 20, null, 25),
		(15, 109,15,6,'Headphone Lenovo', 50, 25, null, 10 ),
		(15, 109,18,6,'i7S TWS', 10, 30, null, 39 ),
		(15, 109,18,6,'Vupa Headphone', 17, 26, null, 59 ),
		(15, 97,9,6,'Iphone 15 Pro Max', 1299, 25, null, 15 ),
		(15, 110,26,6,'Oppo Reno11F', 500, 25, null, 20 ),
		(15, 110,26,6,'Oppo Reno8', 250, 10, null, 21 ),
		(15, 110, 10, 6, 'Samsung Galaxy Z Fold 5',1000, 20,null, 20 ),
		(15, 110, 10, 6, 'Samsung Galaxy M14 5',450, 10,null, 5 ),
		(15, 110, 18, 6, 'ZTE Blade V40',250, 20,null, 4 ),
		(4, 28, 18, 8, 'PXN Console Game',300000, 25, null, 5 ),
		(4, 28, 18, 8, 'T411 Console Game',30000, 15, null, 9 ),
		(4, 28, 18, 8, 'V7Men Console Game',250000, 30, null, 19 ),
		(4, 28, 18, 8, 'A102 Console Game',200000, 20, null, 9 ),
		(4, 26, 18, 8, 'Loudspeaker',80000, 10, null, 40 ),
		(4, 26, 18, 8, 'Bacas Loudspeaker',250000, 10, null, 10 ),
		(4, 26, 18, 8, 'Peterhot Loudspeaker',370000, 42, null, 20 ),
		(4, 26, 18, 8, 'Kardon Loudspeaker',560000, 61, null, 6 ),
		(4, 26, 18, 8, 'JVJ Loudspeaker',230000, 19, null, 14 ),
		(4, 26, 18, 8, 'Hoco HC22 Loudspeaker',370000, 22, null, 30 ),
		(5, 38, 18, 8, 'Printer',4100000, 15, null, 5 ),
		(5, 38, 18, 8, 'Therma Printer',600000, 15, null, 7),
		(5, 38, 27, 8, 'Hp Printer',2500000, 20, null, 6 ),
		(5, 38, 27, 8, 'Hp Printer',2900000, 15, null, 6 ),
		(5, 38, 18, 8, 'Brother Printer',11000000, 9, null, 3 ),
		(5, 38, 28, 8, 'Canon Printer',3400000, 10, null, 6 ),
		(5, 37, 18, 8, 'HY300 Pro Projector', 500000, 30, null, 10),
		(5, 37, 18, 8, 'Y300 Pro Projector', 350000, 16, null, 12),
		(5, 37, 18, 8, 'China Projector', 800000, 5, null, 4),
		(4, 32, 29, 8, 'LG Remote', 129000, 10, null, 90),
		(4, 32, 18, 8, 'CHUNGHOP Remote', 69000, 10, null, 70),
		(4, 32, 18, 8, 'TCL Remote', 99000, 20, null, 25),
		(4, 32, 18, 8, 'Gate Remote', 45000, null, null, 69),
		(4, 27, 30, 8, 'Xiaomi EA Pro Smart Tivi',10999999, 5, null, 30),
		(4, 27, 31, 8, 'Google Tivi QLED TOSHIBA',24999999, 5, null, 10),
		(4, 27, 11, 8, 'Google Tivi',14999999, 20, null, 3),
		(4, 27, 18, 8, 'Tivi full',8600000, 15, null, 10),
		(4, 27, 30, 8, 'Xiaomi 65inch Smart Tivi',9999999, 5, null, 7),
		(4, 27, 18, 8, 'Television Full option',7900000, 7, null, 10),
		(15, 111,9,6,'Apple Watch', 7000000, null, null, 41 ),
		(15, 111,18,6,'HUAWEI Band 9', 1090000, 12, null, 23 ),
		(15, 111,18,6,'AI Watch', 30, 10, null, 23 ),
		(15, 111,9,6,'Apple Watch Pro', 9000000, 15, null, 71 ),
		(5, 34, 18, 8, 'Keyboard good',220000, 9, null, 19 ),
		(5, 34, 18, 8, 'Keyboard beauty',230000, 20, null, 10 ),
		(5, 34, 18, 8, 'Keyboard LED RGB',320000, 15, null, 30 ),
		(5, 34, 18, 8, 'Keyboard office',140000, 15, null, 99),
		(5, 35, 13, 8, 'Laptop Asus',21000000, 15, null, 9),
		(5, 35, 27, 8, 'Laptop Hp old',6000000, 10, null, 1),
		(5, 35, 13, 8, 'Laptop Asus Gaming',23000000, 10, null, 4),
		(5, 35, 9, 8, 'Macbook M1',17000000, 5, null, 9),
		(5, 35, 32, 8, 'Laptop Microsoft',12000000, 10, null, 4),
		(5, 34, 18, 8, 'Mouse VXE',140000, 15, null, 99),
		(5, 34, 18, 8, 'Tech-zone Mouse',240000, 10, null, 29),
		(5, 34, 18, 8, 'inphic Mouse',310000, 25, null, 69),
		(5, 34, 18, 8, 'Dragonfly Mouse',190000, 30, null, 09),
		(5, 34, 18, 8, 'Rack F80 & G45',420000, 15, null, 9),
		(5, 34, 18, 8, 'Rack Macbook',240000, 25, null, 19),
		(5, 34, 18, 8, 'Rack Macbook',210000, 15, null, 29),
		(5, 39, 18, 8, 'Screen PC',350000, null, null, 11),
		(5, 39, 10, 8, 'Samsung Screen PC',750000, 25, null, 11),
		(5, 39, 29, 8, 'LG Screen PC',1050000, 15, null, 11),
		(5, 39, 10, 8, 'Samsung Screen Monitor PC',1250000, 15, null, 11),
		(2, 12, 17, 3, 'Short Pants DirtyCoins', 390000, 10, null, 20 ),
		(2, 14, 18, 3, 'Skiny Jean', 430000, 15, null, 29 ),
		(2, 12, 1, 3, 'Short Pants Nike', 590000, 19, null, 29 ),
		(1, 4, 18, 3, 'Snap Pants Jogger', 290000, 5, null, 80 ),
		(1, 4, 24, 3, 'Denim Work Pants Jogger', 390000, 10, null, 30 ),
		(2, 12, 2, 3, 'Short Pants Adidas', 790000, 19, null, 28 ),
		(1, 4, 24, 3, 'Jean Wash Roman ', 360000, 15, null, 33 ),
		(2, 12, 18, 3, 'Short Pants Lining', 460000, 10, null, 23 ),
		(7, 51, 18, 4, 'Shoes Balenciaga', 890000, 10, null, 23),
		(7, 51, 8, 4, 'Shoes Gucci', 6090000, 10, null, 14),
		(7, 51, 18, 4, 'Shoes Givenchy', 390000, 7, null, 69),
		(7, 51, 1, 4, 'Shoes Nike Jordan', 720000, 10, null, 23),











		





