USE Tikilazapee
GO

INSERT into [Roles]( role_name)
values ('Admin'),
		('Seller'),
		('Customer');

Insert into [Users]( fullname, phoneNumber, email, gender, [address], DOB, [Image], role_id )
values ('Admin',null,'admin123@123.admin', 2, null, '2024-5-15', 'image\image_avatar_user\Admin.jpg',  1),
		(N'Phạm Hoàng Anh', '0853082922', 'pham94729@gmail.com', 1, 'Than Uyen-Lai Chau','2003-03-20','image\image_avatar_user\avataruser(1).jpg',  3),
		(N'Nguyễn Quốc Khánh', '0234112233', 'khanhnqhe173524@fpt.edu.vn', 1, 'Ninh Binh', '2003-09-11', 'image\image_avatar_user\avataruser(1).jpg', 2),
		(N'Nguyễn Mạnh Hùng', '0123112233', 'hungnmhe176678@fpt.edu.vn', 1, 'Ha Nam', '2003-11-04', 'image\image_avatar_user\avataruser(1).jpg',  2),
		(N'Bùi Đức Tùng', '09999999999', 'tungbdhe170285@fpt.edu.vn', 1, 'Thach That - Ha Noi','2003-01-01', 'image\image_avatar_user\avataruser(1).jpg', 2),
		(N'Trần Việt Thịnh', '0888888888', 'thinhtvhe170782@fpt.edu.vn', 1, 'Ha Noi', '2003-02-01', 'image\image_avatar_user\avataruser(1).jpg', 2),
		(N'Nguyễn Xuân Vĩ', '02401948', 'vinxhe172309@fpt.edu.vn', 1, 'Ha Noi', '02-02-2003', 'image\image_avatar_user\avataruser(1).jpg', 3),
		(N'Trần Quang Trường', '03401948', 'truongtqhe172652@fpt.edu.vn', 1, 'Ha Noi', '2003-03-02', 'image\image_avatar_user\avataruser(2).jpg', 2),
		(N'Giang Minh Phương', '022222222', 'phuonggmhe182324@fpt.edu.vn', 0, 'Ha Noi','2003-04-05', 'image\image_avatar_user\avataruser(0).jpg',  3);

Insert into [Account]([user_id], [username],[password],[startDate],[auth])
values(1,'admin','admin','2024-05-15',1),
		(2,'anhpro123','Anhpro123','2024-05-14',0),
		(3,'khanhnguyen','khanh123', '2024-05-14', 0),
		(4,'hungnguyen','hung123', '2024-05-14',0),
		(5,'tungbui', 'tung123', '2024-05-14',0),
		(6,'vietthinh', 'thinh123','2024-05-14',0),
		(7,'vingungoc', 'vingungoc', '2024-05-14',0),
		(8,'truongtran', 'truong123', '2024-05-14',0),
		(9, 'phuongmi', 'phuong123', '2024-05-14',0);

Insert into [Categories] ( [name], [nameImage] )
values ('Man Fashion','image\image_logo\image_logo_categories'),
		('Woman Fashion','image\image_logo\image_logo_categories'),
		('Balo','image\image_logo\image_logo_categories'),
		('Electronic Device','image\image_logo\image_logo_categories\thietbidientu.jpg'),
		('Laptop & PC','image\image_logo\image_logo_categories\Laptop.jpg'),
		('Cosmetic','image\image_logo\image_logo_categories\mypham.jpg'),
		('Shoes','image\image_logo\image_logo_categories'),
		('Toys','image\image_logo\image_logo_categories'),
		('Houseware','image\image_logo\image_logo_categories\dogiadung.jpg'),
		('Pets','image\image_logo\image_logo_categories'),
		('Department store','image\image_logo\image_logo_categories'),
		('Mom & Baby','image\image_logo\image_logo_categories'),
		('Heath','image\image_logo\image_logo_categories\suckhoe.jpg'),
		('Book','image\image_logo\image_logo_categories\sach.jpg'),
		('phones and accessories','image\image_logo\image_logo_categories\dienthoai.jpg'),
		('Sport','image\image_logo\image_logo_categories\thethao.jpg');

Insert into [Brands](brandName)
values('Nike'),
		('Adidas'),
		('Puma'),
		('Rolex'),
		('Louis Vuiton'),
		('Chanel'),
		('Dior'),
		('Gucci'),
		('Apple'),
		('Samsung'),
		('Made in Japan'),
		('Hublot'),
		('Asus'),
		('Acer'),
		('Lenovo'),
		('Readme'),
		('DirtyCoins'),
		('Made in China'),
		('Haras'),
		('Paradox'),
		('Bad Habits'),
		('Feelex'),
		('Oxy'),
		('Made in Vietnam'),
		('Vasaline'),
		('Oppo'),
		('Hp'),
		('Canon'),
		('LG'),
		('Xiaomi'),
		('Toshiba'),
		('Microsoft');
		

insert into [Stores](store_id, store_name, store_phone, store_address, store_image)
values(3, 'Khanhdan_Unisex', '012345678', 'Ha Noi', null),
		(6, 'AloThinh', '012345679', 'Ha Noi', null),
		(8, 'TruongPC', '012345601', 'Ha Noi', null),
		(4, 'Hung_ManchesterUnited', '012345602', 'Ha Noi', null),
		(5, 'TungCanTeam', '012345603', 'Ha Noi', null);

insert into [Filters] ( [category_id], [nameFilter])
values(1,'Jacket'),
		(1, 'Vest and Blazer'),
		(1, 'hoodie, sweater, Sweatshirts'),
		(1, 'long pants, casual pants'),
		(1, 'shirt'),
		(1, 'three holes shirt'),
		(1, 'underwear'),
		(1, 'pajamas'),
		(1,'fashion accessories'),
		(2,'clothes'),
		(2,'shirt'),
		(2,'shorts'),
		(2,'skirt'),
		(2,'jeans'),
		(2,'dress'),
		(2,'hoodie, sweater, Sweatshirts'),
		(2,'pajamas'),
		(2, 'underwear'),
		(2,'fashion accessories'),
		(3,'Crossbody bag'),
		(3,'Laptop bag'),
		(3,'Wallet'),
		(3,'Waist bag'),
		(3,'Office briefcase'),
		(3,'Student backpack'),
		(4,'loudspeaker'),
		(4,'Television'),
		(4,'Game Console'),
		(4,'Fridge'),
		(4,'Washing machine'),
		(4,'Headphones'),
		(4,'Accessories'),
		(4,'Microwave oven'),
		(5,'Accessories'),
		(5,'Laptop'),
		(5,'PC'),
		(5,'Projector'),
		(5,'Printer'),
		(5,'Screen'),
		(5,'Network equipment'),
		(5,'Storage device'),
		(6,'Facial care'),
		(6,'Body care'),
		(6,'Hair care'),
		(6,'Make up'),
		(6,'Teeth cleaning'),
		(6,'Men care'),
		(6,'Perfume'),
		(7,'Men shoes'),
		(7,'Woman shoes'),
		(7,'Sport shoes'),
		(7,'High heels'),
		(7,'Slippers'),
		(7,'Accessories'),
		(8,'Entertainment toys'),
		(8,'Educational toys'),
		(8,'Hobbies and collections'),
		(8,'Doll'),
		(8,'Stuffed animal'),
		(9,'Blankets, sheets, pillows, mattresses'),
		(9,'Furniture'),
		(9,'Home decoration'),
		(9,'Kitchen utensils'),
		(9,'Utility tools and equipment'),
		(10,'Food'),
		(10,'Accessory'),
		(10,'Clothes'),
		(10,'Take care of the pet'),
		(10,'Pet hygiene'),
		(11,'Snacks'),
		(11,'Prepared food'),
		(11,'Cooking ingredients'),
		(11,'Drinks'),
		(11,'Acoholic drink'),
		(11,'Fresh and frozen foods'),
		(11,'Cake'),
		(11,'Cereal - eggs'),
		(12,'Travel items for babies'),
		(12,'Weaning utensils for babies'),
		(12,'Accessories for mothers'),
		(12,'Bathroom supplies & Baby body care'),
		(12,'Baby bedroom furniture'),
		(12,'Baby food'),
		(12,'Diapers & baby potties'),
		(13,'Medical supplies'),
		(13,'Anti-mosquito & repel insects'),
		(13,'Functional foods'),
		(13,'Sexual support'),
		(13,'Adult diapers'),
		(13,'Massage and therapy tools'),
		(14,'Vietnamese book'),
		(14,'Foreign literature books'),
		(14,'Pen'),
		(14,'Colors, Painting Tools and Crafts'),
		(14,'Student & office supplies'),
		(14,'Souvenir'),
		(15,'Iphone 15 Series'),
		(15,'Iphone 13 Series'),
		(15,'Iphone 14 Series'),
		(15,'Iphone 12 Series'),
		(15,'Iphone 11 Series'),
		(15,'Tablet'),
		(15,'Battery backup'),
		(15,'Cases, leather cases, phone stickers'),
		(15,'Screen protector'),
		(15,'Internal Battery, Cable and Charger'),
		(15,'Memory Stick'),
		(15,'Sim'),
		(15,'Headphone'),
		(15,  'Other Phones'),
		(15,'Other accessories'),
		(16,'Vali'),
		(16,'Travel bags'),
		(16,'Travel accessories'),
		(16,'Sports & Outdoor Equipment'),
		(16,'Sport shoes'),
		(16,'Sports & Outdoor Fashion');

Insert into [Products](category_id, filter_id, brand_id, store_id, product_name, product_originPrice, product_percentSale, product_describes, quantity)
values (3, 25, 18, 3, 'School Bag', 430000, 10,null, 20 ),
		(3, 25, 7, 3, 'Balo Dior', 2300000, 7, null, 10),
		(3, 21, 18, 8, 'Balo Laptop', 230000, 5, null, 50),
		(3, 25, 19, 3, 'Balo Haras', 700000, null, null, 5),
		(1, 1, 17, 3, 'Jacket DirtyCoins', 1500000, 10, null, 20 ),
		(1, 1, 1, 4, 'Jacket Nike', 4620000, 20, null, 5 ),
		(1, 1, 2, 4, 'Jacket Adidas', 3500000, 15, null, 5 ),
		(1, 1, 20, 3, 'Jacket Paradox', 900000, 5, null, 30 ),
		(1, 3, 17, 3, 'Sweater DirtyCoins', 500000, 10, null, 70 ),
		(1, 3, 18, 3, 'Sweater Not Bad', 230000, null, null , 100),
		(1, 3, 1, 4, 'Sweater Nike', 1200000, 30, null, 20),
		(1, 3, 2, 4, 'Sweater Adidas', 980000, 20, null, 9 ),
		(1, 5, 17, 3, 'Shirt DirtyCoins', 300000, 20, null, 200 ),
		(1, 5, 21, 3, 'Shirt Bad Habits', 410000, 15, null, 100 ),
		(1, 5, 1, 4, 'Shirt Nike', 1050000, 20, null, 50),
		(1, 5, 2, 4, 'Shirt Adidas', 860000, 15, null, 20),
		(6, 47, 22, 5, 'Men Care Feelex', 205000,5, null, 200 ),
		(6, 42, 23, 5, 'Cleanser Oxy ', 99000, null, null, 200 ),
		(6, 43, 23, 5, 'shower gel Oxy',170000, 10, null , 50),
		(6, 42, 18, 5, 'Moisturizer', 59000, null, null,50),
		(6, 44, 18, 5, 'Hair care essential oil', 109000, null, null,30),
		(6, 47, 18, 5, 'Shaving cream', 45000, null, null, 70),
		(6, 44, 18, 5,'Hair wax', 130000, null, null, 100),
		(6, 42, 24, 5, 'The cocoon', 145000, 10, null, 30),
		(6, 43, 24, 5, 'Clean Texture', 236500, 20, null, 20),
		(6, 45, 24, 5, 'Eye Water Proof', 49000, null,null, 40 ),
		(6,45, 24, 5, 'Fixer Spray',99000 ,null, null,20 ),
		(6,43,25,5, 'Care Body', 110000, 10,null,30 ),
		(6, 45, 24, 5,'Toner', 49000, 5, null, 50),
		(6, 42, 24, 5, 'Hyaluronic Acid', 150000,10,null,20 ),
		(15, 109, 9, 6, 'Air Pod Pro 4', 7100000, 30, null, 40 ),
		(15, 109, 9, 6, 'Air Pod Pro 6', 9400000, 20, null, 20),
		(15, 109, 18, 6, 'IPX4', 420000, 20, null, 25),
		(15, 109,15,6,'Headphone Lenovo',1050000, 25, null, 10 ),
		(15, 109,18,6,'i7S TWS', 222000, 30, null, 39 ),
		(15, 109,18,6,'Vupa Headphone', 390000, 26, null, 59 ),
		(15, 97,9,6,'Iphone 15 Pro Max', 33450000, 25, null, 15 ),
		(15, 110,26,6,'Oppo Reno11F', 11500000, 25, null, 20 ),
		(15, 110,26,6,'Oppo Reno8',6250000, 10, null, 21 ),
		(15, 110, 10, 6, 'Samsung Galaxy Z Fold 5',21000000, 20,null, 20 ),
		(15, 110, 10, 6, 'Samsung Galaxy M14 5',9999999, 10,null, 5 ),
		(15, 110, 18, 6, 'ZTE Blade V40',250000, 20,null, 4 ),
		(4, 28, 18, 8, 'PXN Console Game',300000, 25, null, 5 ),
		(4, 28, 18, 8, 'T411 Console Game',30000, 15, null, 9 ),
		(4, 28, 18, 8, 'V7Men Console Game',250000, 30, null, 19 ),
		(4, 28, 18, 8, 'A102 Console Game',200000, 20, null, 9 ),
		(4, 26, 18, 8, 'Loudspeaker',80000, 10, null, 40 ),
		(4, 26, 18, 8, 'Bacas Loudspeaker',250000, 10, null, 10 ),
		(4, 26, 18, 8, 'Peterhot Loudspeaker',370000, 42, null, 20 ),
		(4, 26, 18, 8, 'Kardon Loudspeaker',560000, 61, null, 6 ),
		(4, 26, 18, 8, 'JVJ Loudspeaker',230000, 19, null, 14 ),
		(4, 26, 18, 8, 'Hoco HC22 Loudspeaker',370000, 22, null, 30 ),
		(5, 38, 18, 8, 'Printer',4100000, 15, null, 5 ),
		(5, 38, 18, 8, 'Therma Printer',600000, 15, null, 7),
		(5, 38, 27, 8, 'Hp Printer',2500000, 20, null, 6 ),
		(5, 38, 27, 8, 'Hp Printer',2900000, 15, null, 6 ),
		(5, 38, 18, 8, 'Brother Printer',11000000, 9, null, 3 ),
		(5, 38, 28, 8, 'Canon Printer',3400000, 10, null, 6 ),
		(5, 37, 18, 8, 'HY300 Pro Projector', 500000, 30, null, 10),
		(5, 37, 18, 8, 'Y300 Pro Projector', 350000, 16, null, 12),
		(5, 37, 18, 8, 'China Projector', 800000, 5, null, 4),
		(4, 32, 29, 8, 'LG Remote', 129000, 10, null, 90),
		(4, 32, 18, 8, 'CHUNGHOP Remote', 69000, 10, null, 70),
		(4, 32, 18, 8, 'TCL Remote', 99000, 20, null, 25),
		(4, 32, 18, 8, 'Gate Remote', 45000, null, null, 69),
		(4, 27, 30, 8, 'Xiaomi EA Pro Smart Tivi',10999999, 5, null, 30),
		(4, 27, 31, 8, 'Google Tivi QLED TOSHIBA',24999999, 5, null, 10),
		(4, 27, 11, 8, 'Google Tivi',14999999, 20, null, 3),
		(4, 27, 18, 8, 'Tivi full',8600000, 15, null, 10),
		(4, 27, 30, 8, 'Xiaomi 65inch Smart Tivi',9999999, 5, null, 7),
		(4, 27, 18, 8, 'Television Full option',7900000, 7, null, 10),
		(15, 111,9,6,'Apple Watch', 7000000, null, null, 41 ),
		(15, 111,18,6,'HUAWEI Band 9', 1090000, 12, null, 23 ),
		(15, 111,18,6,'AI Watch', 30, 10, null, 23 ),
		(15, 111,9,6,'Apple Watch Pro', 9000000, 15, null, 71 ),
		(5, 34, 18, 8, 'Keyboard good',220000, 9, null, 19 ),
		(5, 34, 18, 8, 'Keyboard beauty',230000, 20, null, 10 ),
		(5, 34, 18, 8, 'Keyboard LED RGB',320000, 15, null, 30 ),
		(5, 34, 18, 8, 'Keyboard office',140000, 15, null, 99),
		(5, 35, 13, 8, 'Laptop Asus',21000000, 15, null, 9),
		(5, 35, 27, 8, 'Laptop Hp old',6000000, 10, null, 1),
		(5, 35, 13, 8, 'Laptop Asus Gaming',23000000, 10, null, 4),
		(5, 35, 9, 8, 'Macbook M1',17000000, 5, null, 9),
		(5, 35, 32, 8, 'Laptop Microsoft',12000000, 10, null, 4),
		(5, 34, 18, 8, 'Mouse VXE',140000, 15, null, 99),
		(5, 34, 18, 8, 'Tech-zone Mouse',240000, 10, null, 29),
		(5, 34, 18, 8, 'inphic Mouse',310000, 25, null, 69),
		(5, 34, 18, 8, 'Dragonfly Mouse',190000, 30, null, 09),
		(5, 34, 18, 8, 'Rack F80 & G45',420000, 15, null, 9),
		(5, 34, 18, 8, 'Rack Macbook',240000, 25, null, 19),
		(5, 34, 18, 8, 'Rack Macbook',210000, 15, null, 29),
		(5, 39, 18, 8, 'Screen PC',350000, null, null, 11),
		(5, 39, 10, 8, 'Samsung Screen PC',750000, 25, null, 11),
		(5, 39, 29, 8, 'LG Screen PC',1050000, 15, null, 11),
		(5, 39, 10, 8, 'Samsung Screen Monitor PC',1250000, 15, null, 11),
		(2, 12, 17, 3, 'Short Pants DirtyCoins', 390000, 10, null, 20 ),
		(2, 14, 18, 3, 'Skiny Jean', 430000, 15, null, 29 ),
		(2, 12, 1, 3, 'Short Pants Nike', 590000, 19, null, 29 ),
		(1, 4, 18, 3, 'Snap Pants Jogger', 290000, 5, null, 80 ),
		(1, 4, 24, 3, 'Denim Work Pants Jogger', 390000, 10, null, 30 ),
		(2, 12, 2, 3, 'Short Pants Adidas', 790000, 19, null, 28 ),
		(1, 4, 24, 3, 'Jean Wash Roman ', 360000, 15, null, 33 ),
		(2, 12, 18, 3, 'Short Pants Lining', 460000, 10, null, 23 ),
		(7, 51, 18, 4, 'Shoes Balenciaga', 890000, 10, null, 23),
		(7, 51, 8, 4, 'Shoes Gucci', 6090000, 10, null, 14),
		(7, 51, 18, 4, 'Shoes Givenchy', 390000, 7, null, 69),
		(7, 51, 1, 4, 'Shoes Nike Jordan', 720000, 10, null, 23);


Insert into [ImageProducts](product_id, imageProduct_url)
values (1,'image\image_product\image_balos\1_SchoolBag_01.jpg'),
		(1,'image\image_product\image_balos\1_SchoolBag_02.jpg'),
		(1,'image\image_product\image_balos\1_SchoolBag_03.jpg'),
		(1,'image\image_product\image_balos\1_SchoolBag_04.jpg'),
		(2,'image\image_product\image_balos\2_BaloDior_01.jpg'),
		(2,'image\image_product\image_balos\2_BaloDior_02.jpg'),
		(2,'image\image_product\image_balos\2_BaloDior_03.jpg'),
		(2,'image\image_product\image_balos\2_BaloDior_04.jpg'),
		(3,'image\image_product\image_balos\3_BaloLaptop_01.jpg'),
		(3,'image\image_product\image_balos\3_BaloLaptop_02.jpg'),
		(3,'image\image_product\image_balos\3_BaloLaptop_03.jpg'),
		(3,'image\image_product\image_balos\3_BaloLaptop_04.jpg'),
		(4,'image\image_product\image_balos\4_BaloHaras_01.jpg'),
		(4,'image\image_product\image_balos\4_BaloHaras_02.jpg'),
		(4,'image\image_product\image_balos\4_BaloHaras_03.jpg'),
		(4,'image\image_product\image_balos\4_BaloHaras_04.jpg'),
		(5,'image\image_product\image_coat\image_Jacket\1_Jacket_DirtyCoins_01.jpg'),
		(5,'image\image_product\image_coat\image_Jacket\1_Jacket_DirtyCoins_02.jpg'),
		(5,'image\image_product\image_coat\image_Jacket\1_Jacket_DirtyCoins_03.jpg'),
		(5,'image\image_product\image_coat\image_Jacket\1_Jacket_DirtyCoins_04.jpg'),
		(6,'image\image_product\image_coat\image_Jacket\2_Jacket_Nike_01.jpg'),
		(6,'image\image_product\image_coat\image_Jacket\2_Jacket_Nike_02.jpg'),
		(6,'image\image_product\image_coat\image_Jacket\2_Jacket_Nike_03.jpg'),
		(6,'image\image_product\image_coat\image_Jacket\2_Jacket_Nike_04.jpg'),
		(7,'image\image_product\image_coat\image_Jacket\3_Jacket_Adidas_01.jpg'),
		(7,'image\image_product\image_coat\image_Jacket\3_Jacket_Adidas_02.jpg'),
		(7,'image\image_product\image_coat\image_Jacket\3_Jacket_Adidas_03.jpg'),
		(7,'image\image_product\image_coat\image_Jacket\3_Jacket_Adidas_04.jpg'),
		(8,'image\image_product\image_coat\image_Jacket\4_Jacket_Paradox_01.jpg'),
		(8,'image\image_product\image_coat\image_Jacket\4_Jacket_Paradox_02.jpg'),
		(8,'image\image_product\image_coat\image_Jacket\4_Jacket_Paradox_03.jpg'),
		(8,'image\image_product\image_coat\image_Jacket\4_Jacket_Paradox_04.jpg'),
		(9,'image\image_product\image_coat\image_Sweater\1_Sweater_DirtyCoins_01.jpg'),
		(9,'image\image_product\image_coat\image_Sweater\1_Sweater_DirtyCoins_02.jpg'),
		(9,'image\image_product\image_coat\image_Sweater\1_Sweater_DirtyCoins_03.jpg'),
		(9,'image\image_product\image_coat\image_Sweater\1_Sweater_DirtyCoins_04.jpg'),
		(10,'image\image_product\image_coat\image_Sweater\2_Sweater_NotBad_01.jpg'),
		(10,'image\image_product\image_coat\image_Sweater\2_Sweater_NotBad_02.jpg'),
		(10,'image\image_product\image_coat\image_Sweater\2_Sweater_NotBad_03.jpg'),
		(10,'image\image_product\image_coat\image_Sweater\2_Sweater_NotBad_04.jpg'),
		(11,'image\image_product\image_coat\image_Sweater\3_Sweater_Nike_01.jpg'),
		(11,'image\image_product\image_coat\image_Sweater\3_Sweater_Nike_02.jpg'),
		(11,'image\image_product\image_coat\image_Sweater\3_Sweater_Nike_03.jpg'),
		(11,'image\image_product\image_coat\image_Sweater\3_Sweater_Nike_04.jpg'),
		(12,'image\image_product\image_coat\image_Sweater\4_Sweater_Adidas_01.jpg'),
		(12,'image\image_product\image_coat\image_Sweater\4_Sweater_Adidas_02.jpg'),
		(12,'image\image_product\image_coat\image_Sweater\4_Sweater_Adidas_03.jpg'),
		(12,'image\image_product\image_coat\image_Sweater\4_Sweater_Adidas_04.jpg'),
		(13,'image\image_product\image_coat\image_Tshirt\1_Shirt_DirtyCoins_01.jpg'),
		(13,'image\image_product\image_coat\image_Tshirt\1_Shirt_DirtyCoins_02.jpg'),
		(13,'image\image_product\image_coat\image_Tshirt\1_Shirt_DirtyCoins_03.jpg'),
		(14,'image\image_product\image_coat\image_Tshirt\2_Shirt_BadHabits_01.jpg'),
		(14,'image\image_product\image_coat\image_Tshirt\2_Shirt_BadHabits_02.jpg'),
		(14,'image\image_product\image_coat\image_Tshirt\2_Shirt_BadHabits_03.jpg'),
		(14,'image\image_product\image_coat\image_Tshirt\2_Shirt_BadHabits_04.jpg'),
		(15,'image\image_product\image_coat\image_Tshirt\3_Shirt_Nike_01.jpg'),
		(15,'image\image_product\image_coat\image_Tshirt\3_Shirt_Nike_02.jpg'),
		(15,'image\image_product\image_coat\image_Tshirt\3_Shirt_Nike_03.jpg'),
		(15,'image\image_product\image_coat\image_Tshirt\3_Shirt_Nike_04.jpg'),
		(16,'image\image_product\image_coat\image_Tshirt\4_Shirt_Adidas_01.jpg'),
		(16,'image\image_product\image_coat\image_Tshirt\4_Shirt_Adidas_02.jpg'),
		(16,'image\image_product\image_coat\image_Tshirt\4_Shirt_Adidas_03.jpg'),
		(16,'image\image_product\image_coat\image_Tshirt\4_Shirt_Adidas_04.jpg'),
		(17,'image\image_product\image_cosmetics\image_men\1_Cosmictics_1.jpg'),
		(17,'image\image_product\image_cosmetics\image_men\1_Cosmictics_2.jpg'),
		(17,'image\image_product\image_cosmetics\image_men\1_Cosmictics_3.jpg'),
		(17,'image\image_product\image_cosmetics\image_men\1_Cosmictics_4.jpg'),
		(18,'image\image_product\image_cosmetics\image_men\2_Cosmictics_1.jpg'),
		(18,'image\image_product\image_cosmetics\image_men\2_Cosmictics_2.jpg'),
		(18,'image\image_product\image_cosmetics\image_men\2_Cosmictics_3.jpg'),
		(18,'image\image_product\image_cosmetics\image_men\2_Cosmictics_4.jpg'),
		(19,'image\image_product\image_cosmetics\image_men\3_Cosmictics_1.jpg'),
		(19,'image\image_product\image_cosmetics\image_men\3_Cosmictics_2.jpg'),
		(19,'image\image_product\image_cosmetics\image_men\3_Cosmictics_3.jpg'),
		(19,'image\image_product\image_cosmetics\image_men\3_Cosmictics_4.jpg'),
		(20,'image\image_product\image_cosmetics\image_men\4_Cosmictics_1.jpg'),
		(20,'image\image_product\image_cosmetics\image_men\4_Cosmictics_2.jpg'),
		(20,'image\image_product\image_cosmetics\image_men\4_Cosmictics_3.jpg'),
		(20,'image\image_product\image_cosmetics\image_men\4_Cosmictics_4.jpg'),
		(21,'image\image_product\image_cosmetics\image_men\5_Cosmictics_1.jpg'),
		(21,'image\image_product\image_cosmetics\image_men\5_Cosmictics_2.jpg'),
		(21,'image\image_product\image_cosmetics\image_men\5_Cosmictics_3.jpg'),
		(21,'image\image_product\image_cosmetics\image_men\5_Cosmictics_4.jpg'),
		(22,'image\image_product\image_cosmetics\image_men\6_Cosmictics_1.jpg'),
		(22,'image\image_product\image_cosmetics\image_men\6_Cosmictics_2.jpg'),
		(22,'image\image_product\image_cosmetics\image_men\6_Cosmictics_3.jpg'),
		(22,'image\image_product\image_cosmetics\image_men\6_Cosmictics_4.jpg'),
		(23,'image\image_product\image_cosmetics\image_men\7_Cosmictics_1.jpg'),
		(23,'image\image_product\image_cosmetics\image_men\7_Cosmictics_2.jpg'),
		(23,'image\image_product\image_cosmetics\image_men\7_Cosmictics_3.jpg'),
		(23,'image\image_product\image_cosmetics\image_men\7_Cosmictics_4.jpg'),
		(24, 'image\image_product\image_cosmetics\image_women\1_Cosmictics_1.jpg'),
		(24, 'image\image_product\image_cosmetics\image_women\1_Cosmictics_2.jpg'),
		(24, 'image\image_product\image_cosmetics\image_women\1_Cosmictics_3.jpg'),
		(24, 'image\image_product\image_cosmetics\image_women\1_Cosmictics_4.jpg'),
		(25, 'image\image_product\image_cosmetics\image_women\2_Cosmictics_1.jpg'),
		(25, 'image\image_product\image_cosmetics\image_women\2_Cosmictics_2.jpg'),
		(25, 'image\image_product\image_cosmetics\image_women\2_Cosmictics_3.jpg'),
		(25, 'image\image_product\image_cosmetics\image_women\2_Cosmictics_4.jpg'),
		(26, 'image\image_product\image_cosmetics\image_women\3_Cosmictics_1.jpg'),
		(26, 'image\image_product\image_cosmetics\image_women\3_Cosmictics_2.jpg'),
		(26, 'image\image_product\image_cosmetics\image_women\3_Cosmictics_3.jpg'),
		(26, 'image\image_product\image_cosmetics\image_women\3_Cosmictics_4.jpg'),
		(27, 'image\image_product\image_cosmetics\image_women\4_Cosmictics_1.jpg'),
		(27, 'image\image_product\image_cosmetics\image_women\4_Cosmictics_2.jpg'),
		(27, 'image\image_product\image_cosmetics\image_women\4_Cosmictics_3.jpg'),
		(27, 'image\image_product\image_cosmetics\image_women\4_Cosmictics_4.jpg'),
		(28, 'image\image_product\image_cosmetics\image_women\5_Cosmictics_1.jpg'),
		(28, 'image\image_product\image_cosmetics\image_women\5_Cosmictics_2.jpg'),
		(28, 'image\image_product\image_cosmetics\image_women\5_Cosmictics_3.jpg'),
		(28, 'image\image_product\image_cosmetics\image_women\5_Cosmictics_4.jpg'),
		(29, 'image\image_product\image_cosmetics\image_women\6_Cosmictics_1.jpg'),
		(29, 'image\image_product\image_cosmetics\image_women\6_Cosmictics_2.jpg'),
		(29, 'image\image_product\image_cosmetics\image_women\6_Cosmictics_3.jpg'),
		(29, 'image\image_product\image_cosmetics\image_women\6_Cosmictics_4.jpg'),
		(30, 'image\image_product\image_cosmetics\image_women\7_Cosmictics_1.jpg'),
		(30, 'image\image_product\image_cosmetics\image_women\7_Cosmictics_2.jpg'),
		(30, 'image\image_product\image_cosmetics\image_women\7_Cosmictics_3.jpg'),
		(30, 'image\image_product\image_cosmetics\image_women\7_Cosmictics_4.jpg'),
		(31, 'image\image_product\image_electronic_device\image_earphone\1_Wireless_headphones_01.jpg'),
		(31, 'image\image_product\image_electronic_device\image_earphone\1_Wireless_headphones_02.jpg'),
		(31, 'image\image_product\image_electronic_device\image_earphone\1_Wireless_headphones_03.jpg'),
		(31, 'image\image_product\image_electronic_device\image_earphone\1_Wireless_headphones_04.jpg'),
		(31, 'image\image_product\image_electronic_device\image_earphone\1_Wireless_headphones_05.jpg'),
		(32, 'image\image_product\image_electronic_device\image_earphone\2_Wireless_headphones_01.jpg'),
		(32, 'image\image_product\image_electronic_device\image_earphone\2_Wireless_headphones_02.jpg'),
		(32, 'image\image_product\image_electronic_device\image_earphone\2_Wireless_headphones_03.jpg'),
		(32, 'image\image_product\image_electronic_device\image_earphone\2_Wireless_headphones_04.jpg'),
		(32, 'image\image_product\image_electronic_device\image_earphone\2_Wireless_headphones_05.jpg'),
		(32, 'image\image_product\image_electronic_device\image_earphone\2_Wireless_headphones_06.jpg'),
		(33, 'image\image_product\image_electronic_device\image_earphone\3_Wireless_headphones_01.jpg'),
		(33, 'image\image_product\image_electronic_device\image_earphone\3_Wireless_headphones_02.jpg'),
		(33, 'image\image_product\image_electronic_device\image_earphone\3_Wireless_headphones_03.jpg'),
		(33, 'image\image_product\image_electronic_device\image_earphone\3_Wireless_headphones_04.jpg'),
		(33, 'image\image_product\image_electronic_device\image_earphone\3_Wireless_headphones_05.jpg'),
		(34, 'image\image_product\image_electronic_device\image_earphone\4_Wireless_headphones_01.jpg'),
		(34, 'image\image_product\image_electronic_device\image_earphone\4_Wireless_headphones_02.jpg'),
		(34, 'image\image_product\image_electronic_device\image_earphone\4_Wireless_headphones_03.jpg'),
		(34, 'image\image_product\image_electronic_device\image_earphone\4_Wireless_headphones_04.jpg'),
		(34, 'image\image_product\image_electronic_device\image_earphone\4_Wireless_headphones_05.jpg'),
		(35, 'image\image_product\image_electronic_device\image_earphone\5_Wireless_headphones_01.jpg'),
		(35, 'image\image_product\image_electronic_device\image_earphone\5_Wireless_headphones_02.jpg'),
		(35, 'image\image_product\image_electronic_device\image_earphone\5_Wireless_headphones_03.jpg'),
		(35, 'image\image_product\image_electronic_device\image_earphone\5_Wireless_headphones_04.jpg'),
		(36, 'image\image_product\image_electronic_device\image_earphone\6_Wireless_headphones_01.jpg'),
		(36, 'image\image_product\image_electronic_device\image_earphone\6_Wireless_headphones_02.jpg'),
		(36, 'image\image_product\image_electronic_device\image_earphone\6_Wireless_headphones_03.jpg'),
		(36, 'image\image_product\image_electronic_device\image_earphone\6_Wireless_headphones_04.jpg'),
		(37, 'image\image_product\image_electronic_device\image_earphone\7_Wireless_headphones_01.jpg'),
		(37, 'image\image_product\image_electronic_device\image_earphone\7_Wireless_headphones_02.jpg'),
		(37, 'image\image_product\image_electronic_device\image_earphone\7_Wireless_headphones_03.jpg'),
		(37, 'image\image_product\image_electronic_device\image_earphone\7_Wireless_headphones_04.jpg'),
		(38,'image\image_product\image_electronic_device\image_phone\1_Phone_1.jpg'),
		(38,'image\image_product\image_electronic_device\image_phone\1_Phone_2.jpg'),
		(38,'image\image_product\image_electronic_device\image_phone\1_Phone_3.jpg'),
		(38,'image\image_product\image_electronic_device\image_phone\1_Phone_4.jpg'),
		(39,'image\image_product\image_electronic_device\image_phone\2_Phone_1.jpg'),
		(39,'image\image_product\image_electronic_device\image_phone\2_Phone_2.jpg'),
		(39,'image\image_product\image_electronic_device\image_phone\2_Phone_3.jpg'),
		(39,'image\image_product\image_electronic_device\image_phone\2_Phone_4.jpg'),
		(40,'image\image_product\image_electronic_device\image_phone\3_Phone_1.jpg'),
		(40,'image\image_product\image_electronic_device\image_phone\3_Phone_2.jpg'),
		(40,'image\image_product\image_electronic_device\image_phone\3_Phone_3.jpg'),
		(40,'image\image_product\image_electronic_device\image_phone\3_Phone_4.jpg'),
		(41,'image\image_product\image_electronic_device\image_phone\4_Phone_1.jpg'),
		(41,'image\image_product\image_electronic_device\image_phone\4_Phone_2.jpg'),
		(41,'image\image_product\image_electronic_device\image_phone\4_Phone_3.jpg'),
		(41,'image\image_product\image_electronic_device\image_phone\4_Phone_4.jpg'),
		(42,'image\image_product\image_electronic_device\image_phone\5_Phone_1.jpg'),
		(42,'image\image_product\image_electronic_device\image_phone\5_Phone_2.jpg'),
		(42,'image\image_product\image_electronic_device\image_phone\5_Phone_3.jpg'),
		(42,'image\image_product\image_electronic_device\image_phone\5_Phone_4.jpg'),
		(43,'image\image_product\image_electronic_device\image_phone\6_Phone_1.jpg'),
		(43,'image\image_product\image_electronic_device\image_phone\6_Phone_2.jpg'),
		(43,'image\image_product\image_electronic_device\image_phone\6_Phone_3.jpg'),
		(43,'image\image_product\image_electronic_device\image_phone\6_Phone_4.jpg'),
		(44, 'image\image_product\image_electronic_device\image_gaming_handle\1_gaming_handle_01.jpg' ),
		(44, 'image\image_product\image_electronic_device\image_gaming_handle\1_gaming_handle_02.jpg' ),
		(44, 'image\image_product\image_electronic_device\image_gaming_handle\1_gaming_handle_03.jpg' ),
		(44, 'image\image_product\image_electronic_device\image_gaming_handle\1_gaming_handle_04.jpg' ),
		(45, 'image\image_product\image_electronic_device\image_gaming_handle\2_gaming_handle_01.jpg' ),
		(45, 'image\image_product\image_electronic_device\image_gaming_handle\2_gaming_handle_02.jpg' ),
		(45, 'image\image_product\image_electronic_device\image_gaming_handle\2_gaming_handle_03.jpg' ),
		(45, 'image\image_product\image_electronic_device\image_gaming_handle\2_gaming_handle_04.jpg' ),
		(46, 'image\image_product\image_electronic_device\image_gaming_handle\3_gaming_handle_01.jpg' ),
		(46, 'image\image_product\image_electronic_device\image_gaming_handle\3_gaming_handle_02.jpg' ),
		(46, 'image\image_product\image_electronic_device\image_gaming_handle\3_gaming_handle_03.jpg' ),
		(46, 'image\image_product\image_electronic_device\image_gaming_handle\3_gaming_handle_04.jpg' ),
		(47, 'image\image_product\image_electronic_device\image_gaming_handle\4_gaming_handle_01.jpg' ),
		(47, 'image\image_product\image_electronic_device\image_gaming_handle\4_gaming_handle_02.jpg' ),
		(47, 'image\image_product\image_electronic_device\image_gaming_handle\4_gaming_handle_03.jpg' ),
		(47, 'image\image_product\image_electronic_device\image_gaming_handle\4_gaming_handle_04.jpg' ),
		(47, 'image\image_product\image_electronic_device\image_gaming_handle\4_gaming_handle_05.jpg' ),
		(48, 'image\image_product\image_electronic_device\image_loudspeaker\1_loudspeaker_01.jpg'),
		(48, 'image\image_product\image_electronic_device\image_loudspeaker\1_loudspeaker_02.jpg'),
		(48, 'image\image_product\image_electronic_device\image_loudspeaker\1_loudspeaker_03.jpg'),
		(48, 'image\image_product\image_electronic_device\image_loudspeaker\1_loudspeaker_04.jpg'),
		(49, 'image\image_product\image_electronic_device\image_loudspeaker\2_loudspeaker_01.jpg'),
		(49, 'image\image_product\image_electronic_device\image_loudspeaker\2_loudspeaker_02.jpg'),
		(49, 'image\image_product\image_electronic_device\image_loudspeaker\2_loudspeaker_03.jpg'),
		(49, 'image\image_product\image_electronic_device\image_loudspeaker\2_loudspeaker_04.jpg'),
		(50, 'image\image_product\image_electronic_device\image_loudspeaker\3_loudspeaker_01.jpg'),
		(50, 'image\image_product\image_electronic_device\image_loudspeaker\3_loudspeaker_02.jpg'),
		(50, 'image\image_product\image_electronic_device\image_loudspeaker\3_loudspeaker_03.jpg'),
		(50, 'image\image_product\image_electronic_device\image_loudspeaker\3_loudspeaker_04.jpg'),
		(51, 'image\image_product\image_electronic_device\image_loudspeaker\4_loudspeaker_01.jpg'),
		(51, 'image\image_product\image_electronic_device\image_loudspeaker\4_loudspeaker_02.jpg'),
		(51, 'image\image_product\image_electronic_device\image_loudspeaker\4_loudspeaker_03.jpg'),
		(51, 'image\image_product\image_electronic_device\image_loudspeaker\4_loudspeaker_04.jpg'),
		(52, 'image\image_product\image_electronic_device\image_loudspeaker\5_loudspeaker_01.jpg'),
		(52, 'image\image_product\image_electronic_device\image_loudspeaker\5_loudspeaker_02.jpg'),
		(52, 'image\image_product\image_electronic_device\image_loudspeaker\5_loudspeaker_03.jpg'),
		(52, 'image\image_product\image_electronic_device\image_loudspeaker\5_loudspeaker_04.jpg'),
		(53, 'image\image_product\image_electronic_device\image_loudspeaker\6_loudspeaker_01.jpg'),
		(53, 'image\image_product\image_electronic_device\image_loudspeaker\6_loudspeaker_02.jpg'),
		(53, 'image\image_product\image_electronic_device\image_loudspeaker\6_loudspeaker_03.jpg'),
		(53, 'image\image_product\image_electronic_device\image_loudspeaker\6_loudspeaker_04.jpg'),
		(54, 'image\image_product\image_electronic_device\image_printer\1_printer_01.jpg'),
		(54, 'image\image_product\image_electronic_device\image_printer\1_printer_02.jpg'),
		(54, 'image\image_product\image_electronic_device\image_printer\1_printer_03.jpg'),
		(54, 'image\image_product\image_electronic_device\image_printer\1_printer_04.jpg'),
		(55, 'image\image_product\image_electronic_device\image_printer\2_printer_01.jpg'),
		(55, 'image\image_product\image_electronic_device\image_printer\2_printer_02.jpg'),
		(55, 'image\image_product\image_electronic_device\image_printer\2_printer_03.jpg'),
		(55, 'image\image_product\image_electronic_device\image_printer\2_printer_04.jpg'),
		(55, 'image\image_product\image_electronic_device\image_printer\2_printer_05.jpg'),
		(56, 'image\image_product\image_electronic_device\image_printer\3_printer_01.jpg'),
		(56, 'image\image_product\image_electronic_device\image_printer\3_printer_02.jpg'),
		(56, 'image\image_product\image_electronic_device\image_printer\3_printer_03.jpg'),
		(56, 'image\image_product\image_electronic_device\image_printer\3_printer_04.jpg'),
		(56, 'image\image_product\image_electronic_device\image_printer\3_printer_05.jpg'),
		(57, 'image\image_product\image_electronic_device\image_printer\4_printer_01.jpg'),
		(57, 'image\image_product\image_electronic_device\image_printer\4_printer_02.jpg'),
		(57, 'image\image_product\image_electronic_device\image_printer\4_printer_03.jpg'),
		(57, 'image\image_product\image_electronic_device\image_printer\4_printer_04.jpg'),
		(57, 'image\image_product\image_electronic_device\image_printer\4_printer_05.jpg'),
		(58, 'image\image_product\image_electronic_device\image_printer\5_printer_01.jpg'),
		(58, 'image\image_product\image_electronic_device\image_printer\5_printer_02.jpg'),
		(58, 'image\image_product\image_electronic_device\image_printer\5_printer_03.jpg'),
		(58, 'image\image_product\image_electronic_device\image_printer\5_printer_04.jpg'),
		(59, 'image\image_product\image_electronic_device\image_printer\6_printer_01.jpg'),
		(59, 'image\image_product\image_electronic_device\image_printer\6_printer_02.jpg'),
		(59, 'image\image_product\image_electronic_device\image_printer\6_printer_03.jpg'),
		(59, 'image\image_product\image_electronic_device\image_printer\6_printer_04.jpg'),
		(59, 'image\image_product\image_electronic_device\image_printer\6_printer_05.jpg'),
		(60, 'image\image_product\image_electronic_device\image_projector\1_projector_01.jpg'),
		(60, 'image\image_product\image_electronic_device\image_projector\1_projector_02.jpg'),
		(60, 'image\image_product\image_electronic_device\image_projector\1_projector_03.jpg'),
		(60, 'image\image_product\image_electronic_device\image_projector\1_projector_04.jpg'),
		(61, 'image\image_product\image_electronic_device\image_projector\2_projector_01.jpg'),
		(61, 'image\image_product\image_electronic_device\image_projector\2_projector_02.jpg'),
		(61, 'image\image_product\image_electronic_device\image_projector\2_projector_03.jpg'),
		(61, 'image\image_product\image_electronic_device\image_projector\2_projector_04.jpg'),
		(62, 'image\image_product\image_electronic_device\image_projector\3_projector_01.jpg'),
		(62, 'image\image_product\image_electronic_device\image_projector\3_projector_02.jpg'),
		(62, 'image\image_product\image_electronic_device\image_projector\3_projector_03.jpg'),
		(62, 'image\image_product\image_electronic_device\image_projector\3_projector_04.jpg'),
		(63, 'image\image_product\image_electronic_device\image_projector\4_projector_01.jpg'),
		(63, 'image\image_product\image_electronic_device\image_projector\4_projector_02.jpg'),
		(63, 'image\image_product\image_electronic_device\image_projector\4_projector_03.jpg'),
		(63, 'image\image_product\image_electronic_device\image_projector\4_projector_04.jpg'),
		(64, 'image\image_product\image_electronic_device\image_remote\1_remote_01.jpg'),
		(64, 'image\image_product\image_electronic_device\image_remote\1_remote_02.jpg'),
		(64, 'image\image_product\image_electronic_device\image_remote\1_remote_03.jpg'),
		(64, 'image\image_product\image_electronic_device\image_remote\1_remote_04.jpg'),
		(65, 'image\image_product\image_electronic_device\image_remote\2_remote_01.jpg'),
		(65, 'image\image_product\image_electronic_device\image_remote\2_remote_02.jpg'),
		(65, 'image\image_product\image_electronic_device\image_remote\2_remote_03.jpg'),
		(65, 'image\image_product\image_electronic_device\image_remote\2_remote_04.jpg'),
		(66, 'image\image_product\image_electronic_device\image_remote\3_remote_01.jpg'),
		(66, 'image\image_product\image_electronic_device\image_remote\3_remote_02.jpg'),
		(66, 'image\image_product\image_electronic_device\image_remote\3_remote_03.jpg'),
		(66, 'image\image_product\image_electronic_device\image_remote\3_remote_04.jpg'),
		(67, 'image\image_product\image_electronic_device\image_remote\4_remote_01.jpg'),
		(67, 'image\image_product\image_electronic_device\image_remote\4_remote_02.jpg'),
		(67, 'image\image_product\image_electronic_device\image_remote\4_remote_03.jpg'),
		(67, 'image\image_product\image_electronic_device\image_remote\4_remote_04.jpg'),
		(68, 'image\image_product\image_electronic_device\image_tivi\1_Tivi__01.jpg'),
		(68, 'image\image_product\image_electronic_device\image_tivi\1_Tivi__02.jpg'),
		(68, 'image\image_product\image_electronic_device\image_tivi\1_Tivi__03.jpg'),
		(68, 'image\image_product\image_electronic_device\image_tivi\1_Tivi__04.jpg'),
		(68, 'image\image_product\image_electronic_device\image_tivi\1_Tivi__05.jpg'),
		(69, 'image\image_product\image_electronic_device\image_tivi\2_Tivi__01.jpg'),
		(69, 'image\image_product\image_electronic_device\image_tivi\2_Tivi__02.jpg'),
		(69, 'image\image_product\image_electronic_device\image_tivi\2_Tivi__03.jpg'),
		(69, 'image\image_product\image_electronic_device\image_tivi\2_Tivi__04.jpg'),
		(69, 'image\image_product\image_electronic_device\image_tivi\2_Tivi__05.jpg'),
		(70, 'image\image_product\image_electronic_device\image_tivi\3_Tivi__01.jpg'),
		(70, 'image\image_product\image_electronic_device\image_tivi\3_Tivi__02.jpg'),
		(70, 'image\image_product\image_electronic_device\image_tivi\3_Tivi__03.jpg'),
		(70, 'image\image_product\image_electronic_device\image_tivi\3_Tivi__04.jpg'),
		(70, 'image\image_product\image_electronic_device\image_tivi\3_Tivi__05.jpg'),
		(71, 'image\image_product\image_electronic_device\image_tivi\4_Tivi__01.jpg'),
		(71, 'image\image_product\image_electronic_device\image_tivi\4_Tivi__02.jpg'),
		(71, 'image\image_product\image_electronic_device\image_tivi\4_Tivi__03.jpg'),
		(71, 'image\image_product\image_electronic_device\image_tivi\4_Tivi__04.jpg'),
		(72, 'image\image_product\image_electronic_device\image_tivi\5_Tivi__01.jpg'),
		(72, 'image\image_product\image_electronic_device\image_tivi\5_Tivi__02.jpg'),
		(72, 'image\image_product\image_electronic_device\image_tivi\5_Tivi__03.jpg'),
		(72, 'image\image_product\image_electronic_device\image_tivi\5_Tivi__04.jpg'),
		(73, 'image\image_product\image_electronic_device\image_tivi\6_Tivi__01.jpg'),
		(73, 'image\image_product\image_electronic_device\image_tivi\6_Tivi__02.jpg'),
		(73, 'image\image_product\image_electronic_device\image_tivi\6_Tivi__03.jpg'),
		(73, 'image\image_product\image_electronic_device\image_tivi\6_Tivi__04.jpg'),
		(74, 'image\image_product\image_electronic_device\image_watch\1_watch_01.jpg'),
		(74, 'image\image_product\image_electronic_device\image_watch\1_watch_02.jpg'),
		(74, 'image\image_product\image_electronic_device\image_watch\1_watch_03.jpg'),
		(74, 'image\image_product\image_electronic_device\image_watch\1_watch_04.jpg'),
		(74, 'image\image_product\image_electronic_device\image_watch\1_watch_05.jpg'),
		(75, 'image\image_product\image_electronic_device\image_watch\2_watch_01.jpg'),
		(75, 'image\image_product\image_electronic_device\image_watch\2_watch_02.jpg'),
		(75, 'image\image_product\image_electronic_device\image_watch\2_watch_03.jpg'),
		(75, 'image\image_product\image_electronic_device\image_watch\2_watch_04.jpg'),
		(76, 'image\image_product\image_electronic_device\image_watch\3_watch_01.jpg'),
		(76, 'image\image_product\image_electronic_device\image_watch\3_watch_02.jpg'),
		(76, 'image\image_product\image_electronic_device\image_watch\3_watch_03.jpg'),
		(76, 'image\image_product\image_electronic_device\image_watch\3_watch_04.jpg'),
		(77, 'image\image_product\image_electronic_device\image_watch\4_watch_01.jpg'),
		(77, 'image\image_product\image_electronic_device\image_watch\4_watch_02.jpg'),
		(77, 'image\image_product\image_electronic_device\image_watch\4_watch_03.jpg'),
		(77, 'image\image_product\image_electronic_device\image_watch\4_watch_04.jpg'),
		(78, 'image\image_product\image_laptopPC\image_keyboard\1_keyboard_01.jpg'),
		(78, 'image\image_product\image_laptopPC\image_keyboard\1_keyboard_02.jpg'),
		(78, 'image\image_product\image_laptopPC\image_keyboard\1_keyboard_03.jpg'),
		(78, 'image\image_product\image_laptopPC\image_keyboard\1_keyboard_04.jpg'),
		(79, 'image\image_product\image_laptopPC\image_keyboard\2_keyboard_01.jpg'),
		(79, 'image\image_product\image_laptopPC\image_keyboard\2_keyboard_02.jpg'),
		(79, 'image\image_product\image_laptopPC\image_keyboard\2_keyboard_03.jpg'),
		(79, 'image\image_product\image_laptopPC\image_keyboard\2_keyboard_04.jpg'),
		(80, 'image\image_product\image_laptopPC\image_keyboard\3_keyboard_01.jpg'),
		(80, 'image\image_product\image_laptopPC\image_keyboard\3_keyboard_02.jpg'),
		(80, 'image\image_product\image_laptopPC\image_keyboard\3_keyboard_03.jpg'),
		(80, 'image\image_product\image_laptopPC\image_keyboard\3_keyboard_04.jpg'),
		(81, 'image\image_product\image_laptopPC\image_keyboard\4_keyboard_01.jpg'),
		(81, 'image\image_product\image_laptopPC\image_keyboard\4_keyboard_02.jpg'),
		(81, 'image\image_product\image_laptopPC\image_keyboard\4_keyboard_03.jpg'),
		(81, 'image\image_product\image_laptopPC\image_keyboard\4_keyboard_04.jpg'),
		(82, 'image\image_product\image_laptopPC\image_laptop\1_laptop_01.jpg'),
		(82, 'image\image_product\image_laptopPC\image_laptop\1_laptop_02.jpg'),
		(82, 'image\image_product\image_laptopPC\image_laptop\1_laptop_03.jpg'),
		(82, 'image\image_product\image_laptopPC\image_laptop\1_laptop_04.jpg'),
		(83, 'image\image_product\image_laptopPC\image_laptop\2_laptop_01.jpg'),
		(83, 'image\image_product\image_laptopPC\image_laptop\2_laptop_02.jpg'),
		(83, 'image\image_product\image_laptopPC\image_laptop\2_laptop_03.jpg'),
		(83, 'image\image_product\image_laptopPC\image_laptop\2_laptop_04.jpg'),
		(84, 'image\image_product\image_laptopPC\image_laptop\3_laptop_01.jpg'),
		(84, 'image\image_product\image_laptopPC\image_laptop\3_laptop_02.jpg'),
		(84, 'image\image_product\image_laptopPC\image_laptop\3_laptop_03.jpg'),
		(84, 'image\image_product\image_laptopPC\image_laptop\3_laptop_04.jpg'),
		(84, 'image\image_product\image_laptopPC\image_laptop\3_laptop_05.jpg'),
		(85, 'image\image_product\image_laptopPC\image_laptop\4_laptop_01.jpg'),
		(85, 'image\image_product\image_laptopPC\image_laptop\4_laptop_02.jpg'),
		(85, 'image\image_product\image_laptopPC\image_laptop\4_laptop_03.jpg'),
		(85, 'image\image_product\image_laptopPC\image_laptop\4_laptop_04.jpg'),
		(85, 'image\image_product\image_laptopPC\image_laptop\4_laptop_05.jpg'),
		(86, 'image\image_product\image_laptopPC\image_laptop\5_laptop_01.jpg'),
		(86, 'image\image_product\image_laptopPC\image_laptop\5_laptop_02.jpg'),
		(86, 'image\image_product\image_laptopPC\image_laptop\5_laptop_03.jpg'),
		(86, 'image\image_product\image_laptopPC\image_laptop\5_laptop_04.jpg'),
		(87, 'image\image_product\image_laptopPC\image_mouse\1_mouse_01.jpg'),
		(87, 'image\image_product\image_laptopPC\image_mouse\1_mouse_02.jpg'),
		(87, 'image\image_product\image_laptopPC\image_mouse\1_mouse_03.jpg'),
		(87, 'image\image_product\image_laptopPC\image_mouse\1_mouse_04.jpg'),
		(87, 'image\image_product\image_laptopPC\image_mouse\1_mouse_05.jpg'),
		(88, 'image\image_product\image_laptopPC\image_mouse\2_mouse_01.jpg'),
		(88, 'image\image_product\image_laptopPC\image_mouse\2_mouse_02.jpg'),
		(88, 'image\image_product\image_laptopPC\image_mouse\2_mouse_03.jpg'),
		(88, 'image\image_product\image_laptopPC\image_mouse\2_mouse_04.jpg'),
		(89, 'image\image_product\image_laptopPC\image_mouse\3_mouse_01.jpg'),
		(89, 'image\image_product\image_laptopPC\image_mouse\3_mouse_02.jpg'),
		(89, 'image\image_product\image_laptopPC\image_mouse\3_mouse_03.jpg'),
		(89, 'image\image_product\image_laptopPC\image_mouse\3_mouse_04.jpg'),
		(89, 'image\image_product\image_laptopPC\image_mouse\3_mouse_05.jpg'),
		(90, 'image\image_product\image_laptopPC\image_mouse\4_mouse_01.jpg'),
		(90, 'image\image_product\image_laptopPC\image_mouse\4_mouse_02.jpg'),
		(90, 'image\image_product\image_laptopPC\image_mouse\4_mouse_03.jpg'),
		(90, 'image\image_product\image_laptopPC\image_mouse\4_mouse_04.jpg'),
		(91, 'image\image_product\image_laptopPC\image_rack\1_rack_01.jpg'),
		(91, 'image\image_product\image_laptopPC\image_rack\1_rack_02.jpg'),
		(91, 'image\image_product\image_laptopPC\image_rack\1_rack_03.jpg'),
		(91, 'image\image_product\image_laptopPC\image_rack\1_rack_04.jpg'),
		(92, 'image\image_product\image_laptopPC\image_rack\2_rack_01.jpg'),
		(92, 'image\image_product\image_laptopPC\image_rack\2_rack_02.jpg'),
		(92, 'image\image_product\image_laptopPC\image_rack\2_rack_03.jpg'),
		(92, 'image\image_product\image_laptopPC\image_rack\2_rack_04.jpg'),
		(93, 'image\image_product\image_laptopPC\image_rack\3_rack_01.jpg'),
		(93, 'image\image_product\image_laptopPC\image_rack\3_rack_02.jpg'),
		(93, 'image\image_product\image_laptopPC\image_rack\3_rack_03.jpg'),
		(93, 'image\image_product\image_laptopPC\image_rack\3_rack_04.jpg'),
		(94, 'image\image_product\image_laptopPC\image_screen\1_screen_01.jpg'),
		(94, 'image\image_product\image_laptopPC\image_screen\1_screen_02.jpg'),
		(94, 'image\image_product\image_laptopPC\image_screen\1_screen_03.jpg'),
		(94, 'image\image_product\image_laptopPC\image_screen\1_screen_04.jpg'),
		(95, 'image\image_product\image_laptopPC\image_screen\2_screen_01.jpg'),
		(95, 'image\image_product\image_laptopPC\image_screen\2_screen_02.jpg'),
		(95, 'image\image_product\image_laptopPC\image_screen\2_screen_03.jpg'),
		(95, 'image\image_product\image_laptopPC\image_screen\2_screen_04.jpg'),
		(96, 'image\image_product\image_laptopPC\image_screen\3_screen_01.jpg'),
		(96, 'image\image_product\image_laptopPC\image_screen\3_screen_02.jpg'),
		(96, 'image\image_product\image_laptopPC\image_screen\3_screen_03.jpg'),
		(97, 'image\image_product\image_laptopPC\image_screen\4_screen_01.jpg'),
		(97, 'image\image_product\image_laptopPC\image_screen\4_screen_02.jpg'),
		(97, 'image\image_product\image_laptopPC\image_screen\4_screen_03.jpg'),
		(97, 'image\image_product\image_laptopPC\image_screen\4_screen_04.jpg'),
		(98, 'image\image_product\image_pants\1_ShortPants_DirtyCoins_01.jpg'),
		(98, 'image\image_product\image_pants\1_ShortPants_DirtyCoins_02.jpg'),
		(98, 'image\image_product\image_pants\1_ShortPants_DirtyCoins_03.jpg'),
		(98, 'image\image_product\image_pants\1_ShortPants_DirtyCoins_04.jpg'),
		(99, 'image\image_product\image_pants\1_skiny_jean_01.jpg'),
		(99, 'image\image_product\image_pants\1_skiny_jean_02.jpg'),
		(99, 'image\image_product\image_pants\1_skiny_jean_03.jpg'),
		(99, 'image\image_product\image_pants\1_skiny_jean_04.jpg'),
		(100, 'image\image_product\image_pants\2_ShortPants_Nike_01.jpg'),
		(100, 'image\image_product\image_pants\2_ShortPants_Nike_02.jpg'),
		(100, 'image\image_product\image_pants\2_ShortPants_Nike_03.jpg'),
		(100, 'image\image_product\image_pants\2_ShortPants_Nike_04.jpg'),
		(101, 'image\image_product\image_pants\2_Snap_Pants_Jogger_01.jpg'),
		(101, 'image\image_product\image_pants\2_Snap_Pants_Jogger_02.jpg'),
		(101, 'image\image_product\image_pants\2_Snap_Pants_Jogger_03.jpg'),
		(101, 'image\image_product\image_pants\2_Snap_Pants_Jogger_04.jpg'),
		(102, 'image\image_product\image_pants\3_Denim_Work_Pants_Jogger_01.jpg'),
		(102, 'image\image_product\image_pants\3_Denim_Work_Pants_Jogger_02.jpg'),
		(102, 'image\image_product\image_pants\3_Denim_Work_Pants_Jogger_03.jpg'),
		(102, 'image\image_product\image_pants\3_Denim_Work_Pants_Jogger_04.jpg'),
		(103, 'image\image_product\image_pants\3_ShortPants_Nike_01.jpg'),
		(103, 'image\image_product\image_pants\3_ShortPants_Nike_02.jpg'),
		(103, 'image\image_product\image_pants\3_ShortPants_Nike_03.jpg'),
		(104, 'image\image_product\image_pants\4_Jean_Wash_Roman_01.jpg'),
		(104, 'image\image_product\image_pants\4_Jean_Wash_Roman_02.jpg'),
		(104, 'image\image_product\image_pants\4_Jean_Wash_Roman_03.jpg'),
		(104, 'image\image_product\image_pants\4_Jean_Wash_Roman_04.jpg'),
		(105, 'image\image_product\image_pants\4_ShortPants_Lining_01.jpg'),
		(106, 'image\image_product\image_shoes\1_ShoesBalenciaga_01.jpg'),
		(106, 'image\image_product\image_shoes\1_ShoesBalenciaga_02.jpg'),
		(106, 'image\image_product\image_shoes\1_ShoesBalenciaga_03.jpg'),
		(106, 'image\image_product\image_shoes\1_ShoesBalenciaga_04.jpg'),
		(107, 'image\image_product\image_shoes\2_ShoesGucii_01.jpg'),
		(107, 'image\image_product\image_shoes\2_ShoesGucii_02.jpg'),
		(107, 'image\image_product\image_shoes\2_ShoesGucii_03.jpg'),
		(107, 'image\image_product\image_shoes\2_ShoesGucii_04.jpg'),
		(108, 'image\image_product\image_shoes\3_ShoesGivenchy_01.jpg'),
		(108, 'image\image_product\image_shoes\3_ShoesGivenchy_02.jpg'),
		(108, 'image\image_product\image_shoes\3_ShoesGivenchy_03.jpg'),
		(108, 'image\image_product\image_shoes\3_ShoesGivenchy_04.jpg'),
		(109, 'image\image_product\image_shoes\4_Shoes_NikeJordan_01.jpg'),
		(109, 'image\image_product\image_shoes\4_Shoes_NikeJordan_02.jpg'),
		(109, 'image\image_product\image_shoes\4_Shoes_NikeJordan_03.jpg'),
		(109, 'image\image_product\image_shoes\4_Shoes_NikeJordan_04.jpg');

Insert into ImageSliders( category_id, nameURL)
values (1, 'image\image_sliders\2_banner_aonam_01.jpg'),
		(1, 'image\image_sliders\2_banner_aonam_02.jpg'),
		(1, 'image\image_sliders\2_banner_aonam_03.jpg'),
		(2, 'image\image_sliders\8_banner_thoitrangnu_01.jpg'),
		(2, 'image\image_sliders\8_banner_thoitrangnu_02.jpg'),
		(2, 'image\image_sliders\8_banner_thoitrangnu_03.jpg'),
		(7, 'image\image_sliders\1_banner_giaythethaonam_01.jpg'),
		(7, 'image\image_sliders\1_banner_giaythethaonam_02.jpg'),
		(7, 'image\image_sliders\1_banner_giaythethaonam_03.jpg'),
		(7, 'image\image_sliders\1_banner_giaythethaonam_04.jpg'),
		(6, 'image\image_sliders\3_banner_mypham_01.jpg'),
		(6, 'image\image_sliders\3_banner_mypham_02.jpg'),
		(6, 'image\image_sliders\3_banner_mypham_03.jpg'),
		(9, 'image\image_sliders\6_banner_dogiadung_01.jpg'),
		(9, 'image\image_sliders\6_banner_dogiadung_02.jpg'),
		(9, 'image\image_sliders\6_banner_dogiadung_03.jpg'),
		(15, 'image\image_sliders\7_banner_dienthoai_01.jpg'),
		(15, 'image\image_sliders\7_banner_dienthoai_02.jpg'),
		(15, 'image\image_sliders\7_banner_dienthoai_03.jpg');